field1,field2,field3
abc,xyz,pqm
test1,test2,test3
test1,test2,test3
test1,test2,test3
test1,test2,test3
test1,test2,test3
aaa,bb,cccc
test1,test2,test3
test1,test2,test3
test1,test2,test3
test1,test2,test3
test1,test2,test3
test1,test2,test3
test1,test2,test3
test1,test2,test3
test1,test2,test3
test1,test2,test3
test1,test2,test3
test1,test2,test3
test1,test2,test3
test1,test2,test3
test1,test2,test3
test1,test2,test3
test1,test2,test3
test1,test2,test3
test1,test2,test3
test1,test2,test3
test1,test2,test3
test1,test2,test3
test1,test2,test3
test1,test2,test3
test1,test2,test3
test1,test2,test3
test1,test2,test3
test1,test2,test3
test1,test2,test3
test1,test2,test3
test1,test2,test3
test1,test2,test3
test1,test2,test3
test1,test2,test3
test1,test2,test3
test1,test2,test3
test1,test2,test3
test1,test2,test3
test1,test2,test3
test1,test2,test3
test1,test2,test3
test1,test2,test3
